{"Test Accuracy (Major Classes)": 88.66666666666667, "_timestamp": 1714593794.9470549, "Test Accuracy (Moderate Classes)": 45.904761904761905, "Test Accuracy (Rare Classes)": 15.904761904761905, "_runtime": 1440.1497378349304, "_step": 26}