{"Test Accuracy (Major Classes)": 76.38095238095238, "_timestamp": 1712861207.3488214, "Test Accuracy (Moderate Classes)": 29.714285714285715, "Test Accuracy (Rare Classes)": 22.285714285714285, "_runtime": 204.2350344657898, "_step": 3}