{"Test Accuracy (Major Classes)": 74.95238095238095, "_timestamp": 1714026982.2641275, "Test Accuracy (Moderate Classes)": 36.57142857142857, "Test Accuracy (Rare Classes)": 0.19047619047619047, "_runtime": 327.83439660072327, "_step": 4, "_wandb": {"runtime": 327}}