{"Test Accuracy (Major Classes)": 84.28571428571429, "_timestamp": 1712862793.6555486, "Test Accuracy (Moderate Classes)": 47.142857142857146, "Test Accuracy (Rare Classes)": 29.714285714285715, "_runtime": 949.1165075302124, "_step": 30}