{"Test Accuracy (Major Classes)": 78.47619047619048, "_timestamp": 1714591512.0508304, "Test Accuracy (Moderate Classes)": 14.666666666666666, "Test Accuracy (Rare Classes)": 0.09523809523809523, "_runtime": 486.8226673603058, "_step": 5}