{"Test Accuracy (Major Classes)": 82.28571428571429, "_timestamp": 1712860827.3989418, "Test Accuracy (Moderate Classes)": 41.523809523809526, "Test Accuracy (Rare Classes)": 29.904761904761905, "_runtime": 469.774231672287, "_step": 12}