{"Test Accuracy (Major Classes)": 52.095238095238095, "_timestamp": 1714026466.0990686, "Test Accuracy (Moderate Classes)": 0.0, "Test Accuracy (Rare Classes)": 0.0, "_runtime": 146.9325246810913, "_step": 0}