{"Test Accuracy (Major Classes)": 78.0, "_timestamp": 1712861794.0617836, "Test Accuracy (Moderate Classes)": 59.523809523809526, "Test Accuracy (Rare Classes)": 30.666666666666668, "_runtime": 535.3117125034332, "_step": 15}