{"Test Accuracy (Major Classes)": 55.42857142857143, "_timestamp": 1714032597.758613, "Test Accuracy (Moderate Classes)": 16.476190476190474, "Test Accuracy (Rare Classes)": 0.0, "_runtime": 212.27187299728394, "_step": 1}