{"Test Accuracy (Major Classes)": 84.85714285714286, "_timestamp": 1712921244.1086085, "Test Accuracy (Moderate Classes)": 41.714285714285715, "Test Accuracy (Rare Classes)": 17.238095238095237, "_runtime": 1175.029250383377, "_step": 22}