{"Test Accuracy (Major Classes)": 93.33333333333333, "_timestamp": 1714399536.7244694, "Test Accuracy (Moderate Classes)": 55.714285714285715, "Test Accuracy (Rare Classes)": 51.23809523809524, "_runtime": 41466.14315247536, "_step": 888}