{"Test Accuracy (Major Classes)": 90.85714285714286, "_timestamp": 1713108684.3227525, "Test Accuracy (Moderate Classes)": 54.285714285714285, "Test Accuracy (Rare Classes)": 56.666666666666664, "_runtime": 23286.268646478653, "_step": 499}