{"Test Accuracy (Major Classes)": 49.04761904761905, "_timestamp": 1714032992.7854784, "Test Accuracy (Moderate Classes)": 3.619047619047619, "Test Accuracy (Rare Classes)": 0.0, "_runtime": 214.5391924381256, "_step": 1}